path,type,sha256,source,public_role,license_scope,contains_real_research_data,contains_synthetic_data,approval_gate_status,notes
.gitignore,.gitignore,b02cbc1367e461720048a90adf6bfb5845a0722692b2c5f8f4a00eeb1bb4ea80,release_documentation,documentation_or_config,METADATA,false,false,NOT_APPLICABLE,Repository documentation or tracking metadata.
LICENSE,LICENSE,3320e7ae6c5fff230aaa5f2c81db8a903a8213a151fd8c19a0670792c89239e7,release_documentation,license_metadata,METADATA,false,false,NOT_APPLICABLE,Defines license scope.
LICENSE-DATA-ASSETS.md,md,c97128816e73f285c4dc0e4d2ae27cba78bd80270f87826fc92c0e31a379e8bc,release_documentation,license_metadata,METADATA,false,false,NOT_APPLICABLE,Defines license scope.
README.md,md,4c5ea0607fdc59c63967879af2cf403b979b6598182ab45370c624aa8a5c5738,release_documentation,documentation_or_config,METADATA,false,false,NOT_APPLICABLE,Repository documentation or tracking metadata.
config/config.example.yaml,yaml,3f82cea87e82c376f2744d6dc14bbc2515ea4b1dbd7ebc592b0e6e1467e82d5e,cleaned_workflow,workflow_code,MIT,false,false,NOT_APPLICABLE,Source code or executable configuration.
data/public/descriptive/descriptive_aspect_overall__main_strict.csv,csv,245c453cee1913e7f468436f401f6e3aa54bc1396de0407b5b63d4e3b285aea6,approved_research_asset,approved_descriptive,CC-BY-NC-4.0,true,false,APPROVE,Approved source SHA-256 verified; descriptive filename preserved.
data/public/descriptive/descriptive_jsd_summary__main_strict.csv,csv,a900c066997154776882f09a91f2f801fab2ee03a105977a28488f7e34bb6aef,approved_research_asset,approved_descriptive,CC-BY-NC-4.0,true,false,APPROVE,Approved source SHA-256 verified; descriptive filename preserved.
data/public/descriptive/paper_review_count_summary.csv,csv,54ca253b523d397296acc993df4498bdbba2b980b15ccf32eb4c57c6f7419dd1,approved_research_asset,approved_descriptive,CC-BY-NC-4.0,true,false,APPROVE,Approved source SHA-256 verified; descriptive filename preserved.
data/public/figure_data/descriptive_per_aspect_disagreement_main_strict.csv,csv,710359f58c282795d217bbacda58f95e8a19683e19eaf3b31fdebded15ea696c,approved_research_asset,approved_figure_data,CC-BY-NC-4.0,true,false,APPROVE,Approved source SHA-256 verified; descriptive filename preserved.
data/public/figure_data/figure_data_country_aspect_deviation_pp.csv,csv,ebd14f2d8f2b859c53f8b090d1df6d123eb2d030f03e5cd4af4045fd64f0d077,approved_research_asset,approved_figure_data,CC-BY-NC-4.0,true,false,APPROVE,Approved source SHA-256 verified; descriptive filename preserved.
data/public/figure_data/figure_data_gender_aspect_deviation_pp.csv,csv,984a384a5e242e9d4408dc7a765f365de19fa4d447c99642693041324ef0f02b,approved_research_asset,approved_figure_data,CC-BY-NC-4.0,true,false,APPROVE,Approved source SHA-256 verified; descriptive filename preserved.
data/public/figure_data/figure_data_jsd_country_coefficients.csv,csv,79387c22ccd091560c16d6fa8ddcf329076df6072a52fade7e72f275451c19ce,approved_research_asset,approved_figure_data,CC-BY-NC-4.0,true,false,APPROVE,Approved source SHA-256 verified; descriptive filename preserved.
data/public/figure_data/figure_data_jsd_gender_coefficients.csv,csv,11d46afdd53d8b5cbb486e1d09e2cb641d8a98a71bbe823f61d94ed2fb783d5d,approved_research_asset,approved_figure_data,CC-BY-NC-4.0,true,false,APPROVE,Approved source SHA-256 verified; descriptive filename preserved.
data/public/publication_tables/model_paper_jsd_ols__country_gender_combined_main.csv,csv,5454aa82bf9ddc9ff1d77e979fa47112fa6bfc88d93c5ea6f4cd9c45fdfef26b,approved_research_asset,approved_publication_tables,CC-BY-NC-4.0,true,false,APPROVE,Approved source SHA-256 verified; descriptive filename preserved.
data/public/publication_tables/model_paper_jsd_ols__country_gender_combined_main_formatted.csv,csv,3e8af4233daef1829f50ee0caa25a6f995dbae7386411e21edc3746a40809ded,approved_research_asset,approved_publication_tables,CC-BY-NC-4.0,true,false,APPROVE,Approved source SHA-256 verified; descriptive filename preserved.
data/public/publication_tables/sample_count__paper_jsd_country_gender_combined.csv,csv,2b80b543c70183750a46864145bb29f502262ceb97fe4d3e48be52ee69fdba18,approved_research_asset,approved_publication_tables,CC-BY-NC-4.0,true,false,APPROVE,Approved source SHA-256 verified; descriptive filename preserved.
data/public/publication_tables/table_chi_square_tests_formatted.csv,csv,cbea339eed28d9fa04bc01b476ed5934bbba7af111cf2eb9be6b60440ced4569,approved_research_asset,approved_publication_tables,CC-BY-NC-4.0,true,false,APPROVE,Approved source SHA-256 verified; descriptive filename preserved.
data/public/publication_tables/table_ols_poisson_consistency_summary.csv,csv,ce6baf1b5183d7198914ca7618cbdb021361290e59ecff98dcc975cb682c0f8d,approved_research_asset,approved_publication_tables,CC-BY-NC-4.0,true,false,APPROVE,Approved source SHA-256 verified; descriptive filename preserved.
data/public/publication_tables/table_ols_poisson_consistency_summary_formatted.csv,csv,af0f94b98d25b14e2a35cf630a73719e8ab6673df8da3112b0c5a465800045a1,approved_research_asset,approved_publication_tables,CC-BY-NC-4.0,true,false,APPROVE,Approved source SHA-256 verified; descriptive filename preserved.
data/sample/SYNTHETIC_TEST_FIXTURE.txt,txt,e3e1d22b2baefffb134e62dfec1225c5ac1dc7d6f40e9b71b0eb8739e447baeb,fictional_test_fixture,synthetic_fixture,CC-BY-NC-4.0,false,true,NOT_APPLICABLE,Fictional software-test data; not a research estimate.
data/sample/mock_aspect_responses.jsonl,jsonl,f2f47533e90714f24d5e6b2b9f0300ba719bf92b479da724804c26d0edc51b5e,fictional_test_fixture,synthetic_fixture,CC-BY-NC-4.0,false,true,NOT_APPLICABLE,Fictional software-test data; not a research estimate.
data/sample/mock_author_responses.jsonl,jsonl,9a6c43c89d5e229e07141f6374470bd4e1836559e6ed52441c2b89138290d413,fictional_test_fixture,synthetic_fixture,CC-BY-NC-4.0,false,true,NOT_APPLICABLE,Fictional software-test data; not a research estimate.
data/sample/public_results/SYNTHETIC_TEST_FIXTURE.txt,txt,0d78258261af375c73f80c0402ae88732bdf580f1437d747b90f6ae1aeb28a2f,fictional_test_fixture,synthetic_fixture,CC-BY-NC-4.0,false,true,NOT_APPLICABLE,Fictional software-test data; not a research estimate.
data/sample/public_results/figure_data/descriptive_per_aspect_disagreement_main_strict.csv,csv,a9fcc1d0e9be5a2a06fe8b9124723aafb862896a47d37fcc4d8c5493adc4514a,fictional_test_fixture,synthetic_fixture,CC-BY-NC-4.0,false,true,NOT_APPLICABLE,Fictional software-test data; not a research estimate.
data/sample/public_results/figure_data/figure_data_country_aspect_deviation_pp.csv,csv,92a6589c190238f4f76e4ebd7a4c44a2b575c7a741e1da3a7c0fe5feb4d26a83,fictional_test_fixture,synthetic_fixture,CC-BY-NC-4.0,false,true,NOT_APPLICABLE,Fictional software-test data; not a research estimate.
data/sample/public_results/figure_data/figure_data_gender_aspect_deviation_pp.csv,csv,a3256cc728932e03b3455f65d376a5f05afc61dd1c69bd5292946aa74b441a7a,fictional_test_fixture,synthetic_fixture,CC-BY-NC-4.0,false,true,NOT_APPLICABLE,Fictional software-test data; not a research estimate.
data/sample/public_results/figure_data/figure_data_jsd_country_coefficients.csv,csv,f5493a59935705cff06691a0d02821f5df569b5532d31873c01707a3fc7210a0,fictional_test_fixture,synthetic_fixture,CC-BY-NC-4.0,false,true,NOT_APPLICABLE,Fictional software-test data; not a research estimate.
data/sample/public_results/figure_data/figure_data_jsd_gender_coefficients.csv,csv,2206c2dd05ff2d38290235e194eb920522e8571a0d90a7865bd1e42d3d738586,fictional_test_fixture,synthetic_fixture,CC-BY-NC-4.0,false,true,NOT_APPLICABLE,Fictional software-test data; not a research estimate.
data/sample/public_results/figure_data/jsd_distribution_bins.csv,csv,397466cb9f9cf758bdf7004c527f65b4470d79bb504d089a9c4a3aec1e90a41e,fictional_test_fixture,synthetic_fixture,CC-BY-NC-4.0,false,true,NOT_APPLICABLE,Fictional software-test data; not a research estimate.
data/sample/public_results/publication_tables/model_paper_jsd_ols__country_gender_combined_main.csv,csv,49525d232e5fa2f9bec5f4746c80979a64e92196ace1acbeee8811406117bf57,fictional_test_fixture,synthetic_fixture,CC-BY-NC-4.0,false,true,NOT_APPLICABLE,Fictional software-test data; not a research estimate.
data/sample/public_results/publication_tables/sample_count__paper_jsd_country_gender_combined.csv,csv,d0759a3bda11e704906b9c9fffb8a8c9b9afbd11c20a85266c07899c00b5663e,fictional_test_fixture,synthetic_fixture,CC-BY-NC-4.0,false,true,NOT_APPLICABLE,Fictional software-test data; not a research estimate.
data/sample/public_results/publication_tables/table_chi_square_tests_formatted.csv,csv,76c412daebdbd46c32dfdd80bd18d7ce6348a505dbfcba945801fefe206e790e,fictional_test_fixture,synthetic_fixture,CC-BY-NC-4.0,false,true,NOT_APPLICABLE,Fictional software-test data; not a research estimate.
data/sample/public_results/publication_tables/table_ols_poisson_consistency_summary.csv,csv,04ca1cc29634c360fe39ed397e0721b687df5a11e5f41b164cd180fc315d078f,fictional_test_fixture,synthetic_fixture,CC-BY-NC-4.0,false,true,NOT_APPLICABLE,Fictional software-test data; not a research estimate.
data/sample/sample_author_metadata.csv,csv,e75ec674ca1e8806e548e4fe5e38aaab34d606c7494176590224fdce7cae1c56,fictional_test_fixture,synthetic_fixture,CC-BY-NC-4.0,false,true,NOT_APPLICABLE,Fictional software-test data; not a research estimate.
data/sample/sample_papers.csv,csv,94853086b4c7b4b0ba2f486dd29bf89ad998f76e2566e92a5b3509f002bce126,fictional_test_fixture,synthetic_fixture,CC-BY-NC-4.0,false,true,NOT_APPLICABLE,Fictional software-test data; not a research estimate.
data/sample/sample_reviews.jsonl,jsonl,803ac188dc38cd48ad130745aa7a1ce45a96b3962e470ac324e489c24cb770b1,fictional_test_fixture,synthetic_fixture,CC-BY-NC-4.0,false,true,NOT_APPLICABLE,Fictional software-test data; not a research estimate.
data/sample/sample_term_mapping.csv,csv,a9838bb987002adf05447ef8afa1b37deee04d91a9e6a6437794f9e859353c5d,fictional_test_fixture,synthetic_fixture,CC-BY-NC-4.0,false,true,NOT_APPLICABLE,Fictional software-test data; not a research estimate.
data/taxonomy/term_class_mapping.csv,csv,1e975f92de34551ce8e2de309279e797bd65a21b61ccbc3911556baefdf3c30d,approved_research_asset,approved_taxonomy,CC-BY-NC-4.0,true,false,APPROVE,Approved source SHA-256 verified; descriptive filename preserved.
docs/DATA_AVAILABILITY.md,md,0d3380083fbaf0100205393df4983a6034e5d51f8ea4738d2ebbc049d88ec08a,release_documentation,documentation_or_config,METADATA,false,false,NOT_APPLICABLE,Repository documentation or tracking metadata.
docs/DATA_DICTIONARY.md,md,9a058b004554317874eb47c405a40c567a005f06b32e575bf38ae4b83a67ecc5,release_documentation,documentation_or_config,METADATA,false,false,NOT_APPLICABLE,Repository documentation or tracking metadata.
docs/PIPELINE.md,md,3fe41326232752c7dd68ae58225858de105487cb9d8ed641c80900f9b2094ff8,release_documentation,documentation_or_config,METADATA,false,false,NOT_APPLICABLE,Repository documentation or tracking metadata.
docs/REPRODUCIBILITY.md,md,bad59057b4b8e37ad0258d74691c4f0bdd2605cb6a82f2d70837a39d23ca95da,release_documentation,documentation_or_config,METADATA,false,false,NOT_APPLICABLE,Repository documentation or tracking metadata.
docs/VALIDATION.md,md,e478076a59076b82e16bc0662aaa5e42bcfdf27f66354ed28f5d41f5caa08ac6,release_documentation,documentation_or_config,METADATA,false,false,NOT_APPLICABLE,Repository documentation or tracking metadata.
notebooks/01_prepare_and_segment_reviews.ipynb,ipynb,41418d9a1363d9e21642da26de27d183022fc04c43d5b2a83a98649b6736687a,cleaned_workflow,workflow_code,MIT,false,false,NOT_APPLICABLE,Source code or executable configuration.
notebooks/02_extract_review_aspects.ipynb,ipynb,1865c792f39e57202bdcce04c80a02a01965735337f1e4fa9dcea9917d83154a,cleaned_workflow,workflow_code,MIT,false,false,NOT_APPLICABLE,Source code or executable configuration.
notebooks/03_build_aspect_vocabulary.ipynb,ipynb,5f58de5e0478227e25d849c494c4b2908c82b42c351cedb5b42b5f6bae306b17,cleaned_workflow,workflow_code,MIT,false,false,NOT_APPLICABLE,Source code or executable configuration.
notebooks/04_normalize_and_classify_terms.ipynb,ipynb,b8fbd1c7de58045705e3a2d49c14b5efc5205a7dff450db2fd40b7096218d414,cleaned_workflow,workflow_code,MIT,false,false,NOT_APPLICABLE,Source code or executable configuration.
notebooks/05_build_author_features.ipynb,ipynb,61696e0d92392be41de48774ef3e54972a351e8ed0c77422145a488307655ca6,cleaned_workflow,workflow_code,MIT,false,false,NOT_APPLICABLE,Source code or executable configuration.
notebooks/06_build_analysis_tables.ipynb,ipynb,7bf290dd29a850d1923f47961cb1fde755e206adb08808302506206e6f94dbb2,cleaned_workflow,workflow_code,MIT,false,false,NOT_APPLICABLE,Source code or executable configuration.
notebooks/07_strict_sample_and_main_analysis.ipynb,ipynb,e3fe80025159e27ac3f2e970ef2cba40f660daa9647119cb223853db0fc747eb,cleaned_workflow,workflow_code,MIT,false,false,NOT_APPLICABLE,Source code or executable configuration.
notebooks/08_robustness_analysis.ipynb,ipynb,f5cacf33210aab9ddb43111370ffd07a6b63e98d102aabe4a28f6336d816f249,cleaned_workflow,workflow_code,MIT,false,false,NOT_APPLICABLE,Source code or executable configuration.
notebooks/09_publication_tables_and_figures.ipynb,ipynb,fd9473bb12a6fc23274efbf60533f1c707249708701dffa93d70b404abebcaed,cleaned_workflow,workflow_code,MIT,false,false,NOT_APPLICABLE,Source code or executable configuration.
notebooks/10_format_single_column_figures.ipynb,ipynb,29143fb37a34763535da03ed10c6e5e32603f6de3180ece682d9fc4c3b30747b,cleaned_workflow,workflow_code,MIT,false,false,NOT_APPLICABLE,Source code or executable configuration.
notebooks/supporting/01_validate_inputs_and_coverage.ipynb,ipynb,f5a8ab8c53edb07c365b012c3d1dfdac5c581e84109525b671e16cd52834fba2,cleaned_workflow,workflow_code,MIT,false,false,NOT_APPLICABLE,Source code or executable configuration.
requirements.txt,txt,f129ac96e8eab848460cb34f4be187aed829e36187f7a2097b88b09bee89018c,cleaned_workflow,workflow_code,MIT,false,false,NOT_APPLICABLE,Source code or executable configuration.
results/figures/10_final_figures_strict_main/fig_aspect_deviation_combined_singlecolumn_v4.png,png,a17ccbc7debbda57ae63a0447e034ee71f9152e2df52365431109e11f6dadab3,approved_research_asset,approved_figures,CC-BY-NC-4.0,true,false,APPROVE,Approved source SHA-256 verified; descriptive filename preserved.
results/figures/10_final_figures_strict_main/fig_jsd_combined_country_coefficients.pdf,pdf,020c80fe33b3cb2b2ea1bd475887e6a33f46144838acf46db611b75921aa5003,approved_research_asset,approved_figures,CC-BY-NC-4.0,true,false,APPROVE,Approved source SHA-256 verified; descriptive filename preserved.
results/figures/10_final_figures_strict_main/fig_jsd_combined_country_coefficients.png,png,def9cac0b6bc42356cfa577f4dbda1a33f7794b84be84ee34811cb75b3e499aa,approved_research_asset,approved_figures,CC-BY-NC-4.0,true,false,APPROVE,Approved source SHA-256 verified; descriptive filename preserved.
results/figures/10_final_figures_strict_main/fig_jsd_combined_gender_coefficients.pdf,pdf,5f3c51b44772d4ba22818ace19190ad5fd63c122a43dc9e1aaedfc6eb5531a68,approved_research_asset,approved_figures,CC-BY-NC-4.0,true,false,APPROVE,Approved source SHA-256 verified; descriptive filename preserved.
results/figures/10_final_figures_strict_main/fig_jsd_combined_gender_coefficients.png,png,782d4992ea3ee27c4889723ecab027327c70e6c039d6a45081da0dad90215884,approved_research_asset,approved_figures,CC-BY-NC-4.0,true,false,APPROVE,Approved source SHA-256 verified; descriptive filename preserved.
results/figures/10_final_figures_strict_main/fig_jsd_distribution.pdf,pdf,88d1fc7961b7ffcf0ccfb8ae81147ad43dd3c893dc41e988d6c77a5497abb00b,approved_research_asset,approved_figures,CC-BY-NC-4.0,true,false,APPROVE,Approved source SHA-256 verified; descriptive filename preserved.
results/figures/10_final_figures_strict_main/fig_jsd_distribution.png,png,a7c8133c56dab17e285ceca42add89d55e367b1e79dc5581ac83fa0656b95e12,approved_research_asset,approved_figures,CC-BY-NC-4.0,true,false,APPROVE,Approved source SHA-256 verified; descriptive filename preserved.
results/figures/11_final_figures_strict_main_v2/fig_aspect_deviation_combined_rotated_v2.pdf,pdf,a98c9b3af15981c1bbbae69985c8544729fee9227d4702b401253db22ebdac18,approved_research_asset,approved_figures,CC-BY-NC-4.0,true,false,APPROVE,Approved source SHA-256 verified; descriptive filename preserved.
results/figures/11_final_figures_strict_main_v2/fig_aspect_deviation_combined_rotated_v2.png,png,1fb538eb7cf15ced3a74a1928a87d9a3a00e227490f322fac2f23774a8f40e03,approved_research_asset,approved_figures,CC-BY-NC-4.0,true,false,APPROVE,Approved source SHA-256 verified; descriptive filename preserved.
results/figures/11_final_figures_strict_main_v2/fig_per_aspect_disagreement_overall.pdf,pdf,05f39624cc6911b4592e86b7f592feb33f17ceb7b5329f7458e0c4c47f28d889,approved_research_asset,approved_figures,CC-BY-NC-4.0,true,false,APPROVE,Approved source SHA-256 verified; descriptive filename preserved.
results/figures/11_final_figures_strict_main_v2/fig_per_aspect_disagreement_overall.png,png,4799ecd08a36819d2030dda29377d672a69dd816c4892df4c9a8df1267e0d705,approved_research_asset,approved_figures,CC-BY-NC-4.0,true,false,APPROVE,Approved source SHA-256 verified; descriptive filename preserved.
scripts/build_synthetic_public_results.py,py,d1116972df84ee4532a9bc283cfb32cb394433429c27256a05f72d4f70605ef5,cleaned_workflow,workflow_code,MIT,false,false,NOT_APPLICABLE,Source code or executable configuration.
scripts/generate_synthetic_data.py,py,a9c2f9169f7561be9eb2c2b8a2fa2ebb4ef2dc27c8705ec3c1ab10cb02200fb6,cleaned_workflow,workflow_code,MIT,false,false,NOT_APPLICABLE,Source code or executable configuration.
scripts/run_synthetic_smoke.py,py,5fd5a31289b232856e275a2c210ea0437139ac82c0982b4badec7ecbce53b492,cleaned_workflow,validation_code,MIT,false,false,NOT_APPLICABLE,Source code or executable configuration.
src/__init__.py,py,99eee45b048956930fb8efab982b86e3387ddb78b0ac938999845f370d926ecc,cleaned_workflow,workflow_code,MIT,false,false,NOT_APPLICABLE,Source code or executable configuration.
src/project_paths.py,py,e6112709814c36b2424e04bb890b06352f60f6018048b27ffd81ae71c8d80528,cleaned_workflow,workflow_code,MIT,false,false,NOT_APPLICABLE,Source code or executable configuration.
REPO_MANIFEST.csv,csv,SELF_REFERENTIAL,release_documentation,repository_manifest,METADATA,false,false,NOT_APPLICABLE,Self-row cannot have a stable SHA-256; all other rows are SHA-256 verified.
