model,outcome,term,label,estimate,std_error,conf_low,conf_high,p_value,nobs,r_squared,p_adj_bh,n_papers
country_gender_combined,mean_pairwise_jsd,"C(first_author_country_group_n500_strict, Treatment(reference='US'))[T.CA]",CA,-0.0261660339892958,0.0247949831722461,-0.074763308004175,0.0224312400255832,0.2912902017795419,71,0.0817995166465985,0.8984340805366221,71
country_gender_combined,mean_pairwise_jsd,"C(first_author_country_group_n500_strict, Treatment(reference='US'))[T.CN]",CN,0.0063184504483198,0.024075626295824,-0.0408689099967407,0.0535058108933804,0.7929808580303952,71,0.0817995166465985,0.8984340805366221,71
country_gender_combined,mean_pairwise_jsd,"C(first_author_country_group_n500_strict, Treatment(reference='US'))[T.DE]",DE,-0.009006353194423,0.021617161253332,-0.0513752106989486,0.0333625043101025,0.6769492215389494,71,0.0817995166465985,0.8984340805366221,71
country_gender_combined,mean_pairwise_jsd,"C(first_author_country_group_n500_strict, Treatment(reference='US'))[T.FR]",FR,0.0095255585431575,0.0212904505623412,-0.0322029577736619,0.0512540748599769,0.6545791227564671,71,0.0817995166465985,0.8984340805366221,71
country_gender_combined,mean_pairwise_jsd,"C(first_author_country_group_n500_strict, Treatment(reference='US'))[T.GB]",GB,-0.013264940252296,0.0180129001324721,-0.0485695757690582,0.0220396952644661,0.4614791785067836,71,0.0817995166465985,0.8984340805366221,71
country_gender_combined,mean_pairwise_jsd,"C(first_author_gender_confident, Treatment(reference='male'))[T.female]",female,-0.0161495588505353,0.0163205686301711,-0.048137285572885,0.0158381678718142,0.3224078972176287,71,0.0817995166465985,0.8984340805366221,71
country_gender_combined,mean_pairwise_jsd,C(subject_primary)[T.SYN-COMP],SYN-COMP,0.0024165540490065,0.0189326149768646,-0.0346906894388117,0.0395237975368248,0.8984340805366221,71,0.0817995166465985,0.8984340805366221,71
country_gender_combined,mean_pairwise_jsd,C(subject_primary)[T.SYN-MAT],SYN-MAT,-0.0081926893774618,0.0180005469754137,-0.0434731131512943,0.0270877343963705,0.6490117027066633,71,0.0817995166465985,0.8984340805366221,71
country_gender_combined,mean_pairwise_jsd,publication_year,publication_year,-0.0008833996855851,0.004192504185546,-0.0091005568942888,0.0073337575231184,0.833114105380732,71,0.0817995166465985,0.8984340805366221,71
country_gender_combined,mean_pairwise_jsd,n_reviews_valid_for_jsd,n_reviews_valid_for_jsd,-0.423813107702927,1.3704840308076722,-3.109912449473246,2.2622862340673926,0.7571364009651708,71,0.0817995166465985,0.8984340805366221,71
country_gender_combined,mean_pairwise_jsd,log_aspect_total_count,log_aspect_total_count,1.129422551582505,3.764310162925919,-6.248489794390398,8.507334897555408,0.7641509141613066,71,0.0817995166465985,0.8984340805366221,71
country_gender_combined,mean_pairwise_jsd,log_n_authors,log_n_authors,0.00339059475958,0.0117057054201177,-0.0195521662774859,0.0263333557966461,0.7720815809290009,71,0.0817995166465985,0.8984340805366221,71
