model,outcome,term,label,estimate,std_error,conf_low,conf_high,p_value,nobs,r_squared,p_adj_bh,n_papers,estimate_fmt,std_error_fmt,ci_95_fmt,p_fmt,p_adj_bh_fmt,sig,sig_fdr
country_gender_combined,mean_pairwise_jsd,"C(first_author_country_group_n500_strict, Treatment(reference='US'))[T.AU]",AU,-0.0026617892952514096,0.003786765158512347,-0.010083712623846719,0.0047601340333439,0.4821062104828955,23896,0.20201629076347039,0.6585944032456522,23896,-0.0027,0.0038,"[-0.0101, 0.0048]",0.482,0.659,,
country_gender_combined,mean_pairwise_jsd,"C(first_author_country_group_n500_strict, Treatment(reference='US'))[T.CA]",CA,-0.0009191938520403098,0.003717005245172692,-0.008204390262925259,0.00636600255884464,0.8046805443347089,23896,0.20201629076347039,0.8429986654935046,23896,-0.0009,0.0037,"[-0.0082, 0.0064]",0.805,0.843,,
country_gender_combined,mean_pairwise_jsd,"C(first_author_country_group_n500_strict, Treatment(reference='US'))[T.CH]",CH,-0.0034125259067425747,0.003337064391184741,-0.009953051927555748,0.0031280001140706,0.3064907927488565,23896,0.20201629076347039,0.6585944032456522,23896,-0.0034,0.0033,"[-0.0100, 0.0031]",0.306,0.659,,
country_gender_combined,mean_pairwise_jsd,"C(first_author_country_group_n500_strict, Treatment(reference='US'))[T.CN]",CN,-0.00017175080297059456,0.0018823130185643122,-0.0038610165269875206,0.0035175149210463314,0.9272982773646702,23896,0.20201629076347039,0.9272982773646702,23896,-0.0002,0.0019,"[-0.0039, 0.0035]",0.927,0.927,,
country_gender_combined,mean_pairwise_jsd,"C(first_author_country_group_n500_strict, Treatment(reference='US'))[T.DE]",DE,-0.002004836524572884,0.0021011842094370223,-0.006123081899953713,0.002113408850807945,0.3400097404191078,23896,0.20201629076347039,0.6585944032456522,23896,-0.0020,0.0021,"[-0.0061, 0.0021]",0.340,0.659,,
country_gender_combined,mean_pairwise_jsd,"C(first_author_country_group_n500_strict, Treatment(reference='US'))[T.ES]",ES,0.0031804189128343333,0.0038379648656345455,-0.004341853997739484,0.010702691823408151,0.40728931251938205,23896,0.20201629076347039,0.6585944032456522,23896,0.0032,0.0038,"[-0.0043, 0.0107]",0.407,0.659,,
country_gender_combined,mean_pairwise_jsd,"C(first_author_country_group_n500_strict, Treatment(reference='US'))[T.FR]",FR,0.0038495643891708073,0.00278408876584804,-0.0016071493216539192,0.009306278099995534,0.16675633725604178,23896,0.20201629076347039,0.45857992745411486,23896,0.0038,0.0028,"[-0.0016, 0.0093]",0.167,0.459,,
country_gender_combined,mean_pairwise_jsd,"C(first_author_country_group_n500_strict, Treatment(reference='US'))[T.GB]",GB,-0.0036788536752872135,0.0022457394783419174,-0.00808042217149714,0.0007227148209227137,0.1013908202583481,23896,0.20201629076347039,0.3717663409472764,23896,-0.0037,0.0022,"[-0.0081, 0.0007]",0.101,0.372,,
country_gender_combined,mean_pairwise_jsd,"C(first_author_country_group_n500_strict, Treatment(reference='US'))[T.JP]",JP,0.0016626951089620005,0.002844965817020242,-0.003913335429645243,0.007238725647569244,0.5589282730826188,23896,0.20201629076347039,0.6585944032456522,23896,0.0017,0.0028,"[-0.0039, 0.0072]",0.559,0.659,,
country_gender_combined,mean_pairwise_jsd,"C(first_author_country_group_n500_strict, Treatment(reference='US'))[T.KR]",KR,-0.0015967236391278162,0.0040433666056787845,-0.0095215765625502,0.006328129284294567,0.6929170246511438,23896,0.20201629076347039,0.7622087271162582,23896,-0.0016,0.0040,"[-0.0095, 0.0063]",0.693,0.762,,
country_gender_combined,mean_pairwise_jsd,"C(first_author_country_group_n500_strict, Treatment(reference='US'))[T.NL]",NL,-0.0021541935329292715,0.0037803466096648828,-0.00956353673695054,0.005255149671091997,0.568786075530336,23896,0.20201629076347039,0.6585944032456522,23896,-0.0022,0.0038,"[-0.0096, 0.0053]",0.569,0.659,,
country_gender_combined,mean_pairwise_jsd,"C(first_author_country_group_n500_strict, Treatment(reference='US'))[T.Other]",Other,0.002709197040167521,0.001897398246395423,-0.0010096351870969634,0.006428029267432005,0.15333549988958417,23896,0.20201629076347039,0.45857992745411486,23896,0.0027,0.0019,"[-0.0010, 0.0064]",0.153,0.459,,
country_gender_combined,mean_pairwise_jsd,"C(first_author_country_group_n500_strict, Treatment(reference='US'))[T.SE]",SE,-0.002988340264797451,0.004405563665464384,-0.011623086380705909,0.005646405851111008,0.49757481781230906,23896,0.20201629076347039,0.6585944032456522,23896,-0.0030,0.0044,"[-0.0116, 0.0056]",0.498,0.659,,
country_gender_combined,mean_pairwise_jsd,"C(first_author_gender_confident, Treatment(reference='male'))[T.female]",female,0.0007022453939285281,0.0012057101505570278,-0.0016609030769576126,0.0030653938648146687,0.5602750511916468,23896,0.20201629076347039,0.6585944032456522,23896,0.0007,0.0012,"[-0.0017, 0.0031]",0.560,0.659,,
country_gender_combined,mean_pairwise_jsd,C(subject_primary)[T.E],E,0.008337836500992632,0.002517661236304962,0.0034033111525623204,0.013272361849422945,0.0009271805717405564,23896,0.20201629076347039,0.00509949314457306,23896,0.0083,0.0025,"[0.0034, 0.0133]",<0.001,0.005,***,**
country_gender_combined,mean_pairwise_jsd,C(subject_primary)[T.H],H,-0.0037775814204390754,0.005201562053029544,-0.013972455707727205,0.006417292866849053,0.4676917728178165,23896,0.20201629076347039,0.6585944032456522,23896,-0.0038,0.0052,"[-0.0140, 0.0064]",0.468,0.659,,
country_gender_combined,mean_pairwise_jsd,C(subject_primary)[T.P],P,0.0019304338714202258,0.0015173277491633066,-0.0010434738696830806,0.004904341612523532,0.20328111399738613,23896,0.20201629076347039,0.49690938977138827,23896,0.0019,0.0015,"[-0.0010, 0.0049]",0.203,0.497,,
country_gender_combined,mean_pairwise_jsd,C(subject_primary)[T.S],S,0.007535882181283426,0.011677249368463254,-0.015351106019397643,0.030422870381964496,0.5187021008058386,23896,0.20201629076347039,0.6585944032456522,23896,0.0075,0.0117,"[-0.0154, 0.0304]",0.519,0.659,,
country_gender_combined,mean_pairwise_jsd,publication_year,publication_year,-0.0006425139896954202,0.00026470094948362533,-0.001161318317356882,-0.0001237096620339583,0.01521081992797281,23896,0.20201629076347039,0.06692760768308037,23896,-0.0006,0.0003,"[-0.0012, -0.0001]",0.015,0.067,*,
country_gender_combined,mean_pairwise_jsd,n_reviews_valid_for_jsd,n_reviews_valid_for_jsd,0.03295400663957536,0.0010855605119587082,0.03082634713309743,0.03508166614605329,2.0512895803500298e-202,23896,0.20201629076347039,2.2564185383850327e-201,23896,0.0330,0.0011,"[0.0308, 0.0351]",<0.001,<0.001,***,***
country_gender_combined,mean_pairwise_jsd,log_aspect_total_count,log_aspect_total_count,-0.08761959084084056,0.0015130485341928207,-0.0905851114747196,-0.08465407020696152,0.0,23896,0.20201629076347039,0.0,23896,-0.0876,0.0015,"[-0.0906, -0.0847]",<0.001,<0.001,***,***
country_gender_combined,mean_pairwise_jsd,log_n_authors,log_n_authors,0.003578142331701054,0.001063137194651162,0.0014944317195598276,0.005661852943842281,0.0007636493265041555,23896,0.20201629076347039,0.00509949314457306,23896,0.0036,0.0011,"[0.0015, 0.0057]",<0.001,0.005,***,**
