author_uid,paper_code,author_order,is_first_author,is_last_author,is_corresponding_author,author_affil_country_primary,name_inferred_gender,gender_probability,gender_count
A000001,P0001,1,True,False,False,US,female,0.95,100
A000002,P0001,2,False,False,False,US,female,0.95,100
A000003,P0001,3,False,False,False,US,male,0.95,100
A000004,P0001,4,False,False,False,GB,male,0.95,100
A000005,P0001,5,False,False,False,US,male,0.95,5
A000006,P0001,6,False,False,False,US,female,0.95,100
A000007,P0001,7,False,False,False,US,female,0.75,100
A000008,P0001,8,False,False,False,GB,male,0.95,100
A000009,P0001,9,False,False,False,US,female,0.95,100
A000010,P0001,10,False,False,False,US,female,0.95,100
A000011,P0001,11,False,False,False,US,male,0.95,100
A000012,P0001,12,False,False,False,GB,male,0.95,100
A000013,P0001,13,False,False,False,US,male,0.95,5
A000014,P0001,14,False,False,False,US,female,0.95,100
A000015,P0001,15,False,False,False,US,female,0.75,100
A000016,P0001,16,False,False,False,GB,male,0.95,100
A000017,P0001,17,False,False,False,US,female,0.95,100
A000018,P0001,18,False,False,False,US,female,0.95,100
A000019,P0001,19,False,False,False,US,male,0.95,100
A000020,P0001,20,False,False,False,GB,male,0.95,100
A000021,P0001,21,False,False,False,US,male,0.95,5
A000022,P0001,22,False,False,False,US,female,0.95,100
A000023,P0001,23,False,False,False,,female,0.75,100
A000024,P0001,24,False,False,False,GB,male,0.95,100
A000025,P0001,25,False,False,False,US,female,0.95,100
A000026,P0001,26,False,False,False,US,female,0.95,100
A000027,P0001,27,False,False,False,US,male,0.95,100
A000028,P0001,28,False,False,False,GB,male,0.95,100
A000029,P0001,29,False,False,False,US,male,0.95,5
A000030,P0001,30,False,False,False,US,female,0.95,100
A000031,P0001,31,False,False,False,US,female,0.75,100
A000032,P0001,32,False,False,False,GB,male,0.95,100
A000033,P0001,33,False,False,False,US,female,0.95,100
A000034,P0001,34,False,False,False,US,female,0.95,100
A000035,P0001,35,False,False,False,US,male,0.95,100
A000036,P0001,36,False,False,False,GB,male,0.95,100
A000037,P0001,37,False,False,False,US,male,0.95,5
A000038,P0001,38,False,False,False,US,female,0.95,100
A000039,P0001,39,False,False,False,US,female,0.75,100
A000040,P0001,40,False,False,False,GB,male,0.95,100
A000041,P0001,41,False,False,False,US,female,0.95,100
A000042,P0001,42,False,False,False,US,female,0.95,100
A000043,P0001,43,False,False,False,US,male,0.95,100
A000044,P0001,44,False,False,False,GB,male,0.95,100
A000045,P0001,45,False,False,False,US,male,0.95,5
A000046,P0001,46,False,False,False,,female,0.95,100
A000047,P0001,47,False,False,False,US,female,0.75,100
A000048,P0001,48,False,False,False,GB,male,0.95,100
A000049,P0001,49,False,True,True,US,female,0.95,100
A000050,P0002,1,True,False,False,CN,female,0.95,100
A000051,P0002,2,False,False,False,CN,female,0.75,100
A000052,P0002,3,False,False,False,DE,male,0.95,100
A000053,P0002,4,False,False,False,CN,female,0.95,100
A000054,P0002,5,False,False,False,CN,female,0.95,100
A000055,P0002,6,False,False,False,CN,male,0.95,100
A000056,P0002,7,False,False,False,DE,male,0.95,100
A000057,P0002,8,False,False,False,CN,unknown,,
A000058,P0002,9,False,False,False,CN,female,0.95,100
A000059,P0002,10,False,False,False,CN,female,0.75,100
A000060,P0002,11,False,False,False,DE,male,0.95,100
A000061,P0002,12,False,False,False,CN,female,0.95,100
A000062,P0002,13,False,False,False,CN,female,0.95,100
A000063,P0002,14,False,False,False,CN,male,0.95,100
A000064,P0002,15,False,False,False,DE,male,0.95,100
A000065,P0002,16,False,False,False,CN,unknown,,
A000066,P0002,17,False,False,False,CN,female,0.95,100
A000067,P0002,18,False,False,False,CN,female,0.75,100
A000068,P0002,19,False,False,False,DE,male,0.95,100
A000069,P0002,20,False,False,False,CN,female,0.95,100
A000070,P0002,21,False,False,False,CN,female,0.95,100
A000071,P0002,22,False,False,False,,male,0.95,100
A000072,P0002,23,False,False,False,DE,male,0.95,100
A000073,P0002,24,False,False,False,CN,unknown,,
A000074,P0002,25,False,False,False,CN,female,0.95,100
A000075,P0002,26,False,False,False,CN,female,0.75,100
A000076,P0002,27,False,False,False,DE,male,0.95,100
A000077,P0002,28,False,False,False,CN,female,0.95,100
A000078,P0002,29,False,False,False,CN,female,0.95,100
A000079,P0002,30,False,False,False,CN,male,0.95,100
A000080,P0002,31,False,False,False,DE,male,0.95,100
A000081,P0002,32,False,False,False,CN,unknown,,
A000082,P0002,33,False,False,False,CN,female,0.95,100
A000083,P0002,34,False,False,False,CN,female,0.75,100
A000084,P0002,35,False,False,False,DE,male,0.95,100
A000085,P0002,36,False,False,False,CN,female,0.95,100
A000086,P0002,37,False,False,False,CN,female,0.95,100
A000087,P0002,38,False,False,False,CN,male,0.95,100
A000088,P0002,39,False,False,False,DE,male,0.95,100
A000089,P0002,40,False,False,False,CN,unknown,,
A000090,P0002,41,False,False,False,CN,female,0.95,100
A000091,P0002,42,False,False,False,CN,female,0.75,100
A000092,P0002,43,False,False,False,DE,male,0.95,100
A000093,P0002,44,False,False,False,CN,female,0.95,100
A000094,P0002,45,False,False,False,,female,0.95,100
A000095,P0002,46,False,False,False,CN,male,0.95,100
A000096,P0002,47,False,False,False,DE,male,0.95,100
A000097,P0002,48,False,False,False,CN,unknown,,
A000098,P0002,49,False,False,False,CN,female,0.95,100
A000099,P0002,50,False,True,True,CN,female,0.75,100
A000100,P0003,1,True,False,False,GB,male,0.95,100
A000101,P0003,2,False,False,False,FR,male,0.95,100
A000102,P0003,3,False,False,False,GB,male,0.95,5
A000103,P0003,4,False,False,False,GB,female,0.95,100
A000104,P0003,5,False,False,False,GB,female,0.75,100
A000105,P0003,6,False,False,False,FR,male,0.95,100
A000106,P0003,7,False,False,False,GB,female,0.95,100
A000107,P0003,8,False,False,False,GB,female,0.95,100
A000108,P0003,9,False,False,False,GB,male,0.95,100
A000109,P0003,10,False,False,False,FR,male,0.95,100
A000110,P0003,11,False,False,False,GB,male,0.95,5
A000111,P0003,12,False,False,False,GB,female,0.95,100
A000112,P0003,13,False,False,False,GB,female,0.75,100
A000113,P0003,14,False,False,False,FR,male,0.95,100
A000114,P0003,15,False,False,False,GB,female,0.95,100
A000115,P0003,16,False,False,False,GB,female,0.95,100
A000116,P0003,17,False,False,False,GB,male,0.95,100
A000117,P0003,18,False,False,False,FR,male,0.95,100
A000118,P0003,19,False,False,False,GB,male,0.95,5
A000119,P0003,20,False,False,False,GB,female,0.95,100
A000120,P0003,21,False,False,False,,female,0.75,100
A000121,P0003,22,False,False,False,FR,male,0.95,100
A000122,P0003,23,False,False,False,GB,female,0.95,100
A000123,P0003,24,False,False,False,GB,female,0.95,100
A000124,P0003,25,False,False,False,GB,male,0.95,100
A000125,P0003,26,False,False,False,FR,male,0.95,100
A000126,P0003,27,False,False,False,GB,male,0.95,5
A000127,P0003,28,False,False,False,GB,female,0.95,100
A000128,P0003,29,False,False,False,GB,female,0.75,100
A000129,P0003,30,False,False,False,FR,male,0.95,100
A000130,P0003,31,False,False,False,GB,female,0.95,100
A000131,P0003,32,False,False,False,GB,female,0.95,100
A000132,P0003,33,False,False,False,GB,male,0.95,100
A000133,P0003,34,False,False,False,FR,male,0.95,100
A000134,P0003,35,False,False,False,GB,male,0.95,5
A000135,P0003,36,False,False,False,GB,female,0.95,100
A000136,P0003,37,False,False,False,GB,female,0.75,100
A000137,P0003,38,False,False,False,FR,male,0.95,100
A000138,P0003,39,False,False,False,GB,female,0.95,100
A000139,P0003,40,False,False,False,GB,female,0.95,100
A000140,P0003,41,False,False,False,GB,male,0.95,100
A000141,P0003,42,False,False,False,FR,male,0.95,100
A000142,P0003,43,False,False,False,GB,male,0.95,5
A000143,P0003,44,False,False,False,,female,0.95,100
A000144,P0003,45,False,False,False,GB,female,0.75,100
A000145,P0003,46,False,False,False,FR,male,0.95,100
A000146,P0003,47,False,False,False,GB,female,0.95,100
A000147,P0003,48,False,False,False,GB,female,0.95,100
A000148,P0003,49,False,False,False,GB,male,0.95,100
A000149,P0003,50,False,False,False,FR,male,0.95,100
A000150,P0003,51,False,True,True,GB,male,0.95,5
A000151,P0004,1,True,False,False,DE,male,0.95,100
A000152,P0004,2,False,False,False,DE,female,0.95,100
A000153,P0004,3,False,False,False,DE,female,0.95,100
A000154,P0004,4,False,False,False,DE,male,0.95,100
A000155,P0004,5,False,True,True,CA,male,0.95,100
A000156,P0005,1,True,False,False,FR,male,0.95,5
A000157,P0005,2,False,False,False,FR,female,0.95,100
A000158,P0005,3,False,False,False,FR,female,0.75,100
A000159,P0005,4,False,False,False,US,male,0.95,100
A000160,P0005,5,False,False,False,FR,female,0.95,100
A000161,P0005,6,False,True,True,FR,female,0.95,100
A000162,P0006,1,True,False,False,CA,female,0.95,100
A000163,P0006,2,False,True,True,CA,male,0.95,100
A000164,P0007,1,True,False,False,US,female,0.95,100
A000165,P0007,2,False,False,False,GB,male,0.95,100
A000166,P0007,3,False,True,True,US,male,0.95,100
A000167,P0008,1,True,False,False,,female,0.75,100
A000168,P0008,2,False,False,False,CN,male,0.95,100
A000169,P0008,3,False,False,False,CN,female,0.95,100
A000170,P0008,4,False,True,True,CN,female,0.95,100
A000171,P0009,1,True,False,False,GB,male,0.95,100
A000172,P0009,2,False,False,False,GB,male,0.95,5
A000173,P0009,3,False,False,False,GB,female,0.95,100
A000174,P0009,4,False,False,False,FR,female,0.75,100
A000175,P0009,5,False,True,True,GB,male,0.95,100
A000176,P0010,1,True,False,False,DE,female,0.95,100
A000177,P0010,2,False,False,False,DE,female,0.95,100
A000178,P0010,3,False,False,False,CA,male,0.95,100
A000179,P0010,4,False,False,False,DE,male,0.95,100
A000180,P0010,5,False,False,False,DE,unknown,,
A000181,P0010,6,False,True,True,DE,female,0.95,100
A000182,P0011,1,True,False,False,FR,female,0.95,100
A000183,P0011,2,False,True,True,US,female,0.75,100
A000184,P0012,1,True,False,False,CA,male,0.95,100
A000185,P0012,2,False,False,False,CA,male,0.95,100
A000186,P0012,3,False,True,True,CA,unknown,,
A000187,P0013,1,True,False,False,US,male,0.95,100
A000188,P0013,2,False,False,False,US,male,0.95,100
A000189,P0013,3,False,False,False,US,male,0.95,5
A000190,P0013,4,False,True,True,GB,female,0.95,100
A000191,P0014,1,True,False,False,CN,male,0.95,100
A000192,P0014,2,False,False,False,CN,female,0.95,100
A000193,P0014,3,False,False,False,DE,female,0.95,100
A000194,P0014,4,False,False,False,CN,male,0.95,100
A000195,P0014,5,False,True,True,CN,male,0.95,100
A000196,P0015,1,True,False,False,GB,male,0.95,5
A000197,P0015,2,False,False,False,FR,female,0.95,100
A000198,P0015,3,False,False,False,GB,female,0.75,100
A000199,P0015,4,False,False,False,GB,male,0.95,100
A000200,P0015,5,False,False,False,GB,female,0.95,100
A000201,P0015,6,False,True,True,FR,female,0.95,100
A000202,P0016,1,True,False,False,DE,female,0.95,100
A000203,P0016,2,False,True,True,DE,male,0.95,100
A000204,P0017,1,True,False,False,FR,female,0.75,100
A000205,P0017,2,False,False,False,FR,male,0.95,100
A000206,P0017,3,False,True,True,FR,female,0.95,100
A000207,P0018,1,True,False,False,CA,male,0.95,100
A000208,P0018,2,False,False,False,CA,unknown,,
A000209,P0018,3,False,False,False,CN,female,0.95,100
A000210,P0018,4,False,True,True,CA,female,0.75,100
A000211,P0019,1,True,False,False,US,male,0.95,100
A000212,P0019,2,False,False,False,GB,male,0.95,5
A000213,P0019,3,False,False,False,US,female,0.95,100
A000214,P0019,4,False,False,False,US,female,0.75,100
A000215,P0019,5,False,True,True,,male,0.95,100
A000216,P0020,1,True,False,False,CN,female,0.95,100
A000217,P0020,2,False,False,False,CN,female,0.95,100
A000218,P0020,3,False,False,False,CN,male,0.95,100
A000219,P0020,4,False,False,False,,male,0.95,100
A000220,P0020,5,False,False,False,DE,unknown,,
A000221,P0020,6,False,True,True,CN,female,0.95,100
A000222,P0021,1,True,False,False,GB,female,0.95,100
A000223,P0021,2,False,True,True,GB,female,0.75,100
A000224,P0022,1,True,False,False,DE,male,0.95,100
A000225,P0022,2,False,False,False,,male,0.95,100
A000226,P0022,3,False,True,True,CA,unknown,,
A000227,P0023,1,True,False,False,FR,male,0.95,100
A000228,P0023,2,False,False,False,US,female,0.95,100
A000229,P0023,3,False,False,False,FR,female,0.95,100
A000230,P0023,4,False,True,True,FR,male,0.95,100
A000231,P0024,1,True,False,False,CA,unknown,,
A000232,P0024,2,False,False,False,CA,female,0.95,100
A000233,P0024,3,False,False,False,CA,female,0.75,100
A000234,P0024,4,False,False,False,CA,male,0.95,100
A000235,P0024,5,False,True,True,CN,female,0.95,100
A000236,P0025,1,True,False,False,US,male,0.95,5
A000237,P0025,2,False,False,False,US,female,0.95,100
A000238,P0025,3,False,False,False,US,female,0.75,100
A000239,P0025,4,False,False,False,GB,male,0.95,100
A000240,P0025,5,False,False,False,US,female,0.95,100
A000241,P0025,6,False,True,True,US,female,0.95,100
A000242,P0026,1,True,False,False,CN,female,0.95,100
A000243,P0026,2,False,True,True,CN,male,0.95,100
A000244,P0027,1,True,False,False,,female,0.75,100
A000245,P0027,2,False,False,False,FR,male,0.95,100
A000246,P0027,3,False,True,True,GB,female,0.95,100
A000247,P0028,1,True,False,False,DE,male,0.95,100
A000248,P0028,2,False,False,False,DE,unknown,,
A000249,P0028,3,False,False,False,DE,female,0.95,100
A000250,P0028,4,False,True,True,DE,female,0.75,100
A000251,P0029,1,True,False,False,FR,female,0.95,100
A000252,P0029,2,False,False,False,FR,female,0.95,100
A000253,P0029,3,False,False,False,FR,male,0.95,100
A000254,P0029,4,False,False,False,US,male,0.95,100
A000255,P0029,5,False,True,True,FR,male,0.95,5
A000256,P0030,1,True,False,False,CA,female,0.95,100
A000257,P0030,2,False,False,False,CA,female,0.75,100
A000258,P0030,3,False,False,False,CN,male,0.95,100
A000259,P0030,4,False,False,False,CA,female,0.95,100
A000260,P0030,5,False,False,False,CA,female,0.95,100
A000261,P0030,6,False,True,True,CA,male,0.95,100
A000262,P0031,1,True,False,False,US,female,0.95,100
A000263,P0031,2,False,True,True,GB,female,0.75,100
A000264,P0032,1,True,False,False,CN,male,0.95,100
A000265,P0032,2,False,False,False,CN,male,0.95,100
A000266,P0032,3,False,True,True,CN,unknown,,
A000267,P0033,1,True,False,False,GB,male,0.95,100
A000268,P0033,2,False,False,False,GB,female,0.95,100
A000269,P0033,3,False,False,False,GB,female,0.95,100
A000270,P0033,4,False,True,True,FR,male,0.95,100
A000271,P0034,1,True,False,False,DE,unknown,,
A000272,P0034,2,False,False,False,DE,female,0.95,100
A000273,P0034,3,False,False,False,CA,female,0.75,100
A000274,P0034,4,False,False,False,DE,male,0.95,100
A000275,P0034,5,False,True,True,DE,female,0.95,100
A000276,P0035,1,True,False,False,FR,female,0.95,100
A000277,P0035,2,False,False,False,US,male,0.95,100
A000278,P0035,3,False,False,False,FR,male,0.95,100
A000279,P0035,4,False,False,False,FR,male,0.95,5
A000280,P0035,5,False,False,False,FR,female,0.95,100
A000281,P0035,6,False,True,True,US,female,0.75,100
A000282,P0036,1,True,False,False,CA,female,0.75,100
A000283,P0036,2,False,True,True,CA,male,0.95,100
A000284,P0037,1,True,False,False,US,female,0.75,100
A000285,P0037,2,False,False,False,US,male,0.95,100
A000286,P0037,3,False,True,True,US,female,0.95,100
A000287,P0038,1,True,False,False,CN,male,0.95,100
A000288,P0038,2,False,False,False,CN,unknown,,
A000289,P0038,3,False,False,False,DE,female,0.95,100
A000290,P0038,4,False,True,True,CN,female,0.75,100
A000291,P0039,1,True,False,False,GB,female,0.95,100
A000292,P0039,2,False,False,False,FR,female,0.95,100
A000293,P0039,3,False,False,False,GB,male,0.95,100
A000294,P0039,4,False,False,False,GB,male,0.95,100
A000295,P0039,5,False,True,True,GB,male,0.95,5
A000296,P0040,1,True,False,False,DE,female,0.95,100
A000297,P0040,2,False,False,False,DE,female,0.75,100
A000298,P0040,3,False,False,False,DE,male,0.95,100
A000299,P0040,4,False,False,False,DE,female,0.95,100
A000300,P0040,5,False,False,False,CA,female,0.95,100
A000301,P0040,6,False,True,True,DE,male,0.95,100
A000302,P0041,1,True,False,False,FR,male,0.95,100
A000303,P0041,2,False,True,True,FR,male,0.95,100
A000304,P0042,1,True,False,False,CA,male,0.95,100
A000305,P0042,2,False,False,False,CA,female,0.95,100
A000306,P0042,3,False,True,True,CN,female,0.95,100
A000307,P0043,1,True,False,False,US,male,0.95,100
A000308,P0043,2,False,False,False,GB,female,0.95,100
A000309,P0043,3,False,False,False,US,female,0.95,100
A000310,P0043,4,False,True,True,,male,0.95,100
A000311,P0044,1,True,False,False,CN,unknown,,
A000312,P0044,2,False,False,False,CN,female,0.95,100
A000313,P0044,3,False,False,False,,female,0.75,100
A000314,P0044,4,False,False,False,CN,male,0.95,100
A000315,P0044,5,False,True,True,DE,female,0.95,100
A000316,P0045,1,True,False,False,GB,female,0.95,100
A000317,P0045,2,False,False,False,,male,0.95,100
A000318,P0045,3,False,False,False,GB,male,0.95,100
A000319,P0045,4,False,False,False,FR,male,0.95,5
A000320,P0045,5,False,False,False,GB,female,0.95,100
A000321,P0045,6,False,True,True,GB,female,0.75,100
A000322,P0046,1,True,False,False,,female,0.75,100
A000323,P0046,2,False,True,True,DE,male,0.95,100
A000324,P0047,1,True,False,False,FR,male,0.95,100
A000325,P0047,2,False,False,False,US,male,0.95,5
A000326,P0047,3,False,True,True,FR,female,0.95,100
A000327,P0048,1,True,False,False,CA,female,0.95,100
A000328,P0048,2,False,False,False,CA,female,0.95,100
A000329,P0048,3,False,False,False,CA,male,0.95,100
A000330,P0048,4,False,True,True,CA,male,0.95,100
A000331,P0049,1,True,False,False,US,female,0.95,100
A000332,P0049,2,False,False,False,US,female,0.95,100
A000333,P0049,3,False,False,False,US,male,0.95,100
A000334,P0049,4,False,False,False,GB,male,0.95,100
A000335,P0049,5,False,True,True,US,male,0.95,5
A000336,P0050,1,True,False,False,CN,female,0.95,100
A000337,P0050,2,False,False,False,CN,female,0.75,100
A000338,P0050,3,False,False,False,DE,male,0.95,100
A000339,P0050,4,False,False,False,CN,female,0.95,100
A000340,P0050,5,False,False,False,CN,female,0.95,100
A000341,P0050,6,False,True,True,CN,male,0.95,100
A000342,P0051,1,True,False,False,GB,male,0.95,100
A000343,P0051,2,False,True,True,FR,male,0.95,100
A000344,P0052,1,True,False,False,DE,male,0.95,100
A000345,P0052,2,False,False,False,DE,female,0.95,100
A000346,P0052,3,False,True,True,DE,female,0.95,100
A000347,P0053,1,True,False,False,FR,male,0.95,5
A000348,P0053,2,False,False,False,FR,female,0.95,100
A000349,P0053,3,False,False,False,FR,female,0.75,100
A000350,P0053,4,False,True,True,US,male,0.95,100
A000351,P0054,1,True,False,False,CA,female,0.95,100
A000352,P0054,2,False,False,False,CA,male,0.95,100
A000353,P0054,3,False,False,False,CN,male,0.95,100
A000354,P0054,4,False,False,False,CA,unknown,,
A000355,P0054,5,False,True,True,CA,female,0.95,100
A000356,P0055,1,True,False,False,US,female,0.95,100
A000357,P0055,2,False,False,False,GB,male,0.95,100
A000358,P0055,3,False,False,False,US,male,0.95,100
A000359,P0055,4,False,False,False,US,male,0.95,5
A000360,P0055,5,False,False,False,US,female,0.95,100
A000361,P0055,6,False,True,True,GB,female,0.75,100
A000362,P0056,1,True,False,False,CN,female,0.75,100
A000363,P0056,2,False,True,True,CN,male,0.95,100
A000364,P0057,1,True,False,False,GB,male,0.95,100
A000365,P0057,2,False,False,False,GB,male,0.95,5
A000366,P0057,3,False,True,True,GB,female,0.95,100
A000367,P0058,1,True,False,False,DE,female,0.95,100
A000368,P0058,2,False,False,False,DE,female,0.95,100
A000369,P0058,3,False,False,False,CA,male,0.95,100
A000370,P0058,4,False,True,True,DE,male,0.95,100
A000371,P0059,1,True,False,False,FR,female,0.95,100
A000372,P0059,2,False,False,False,US,female,0.75,100
A000373,P0059,3,False,False,False,FR,male,0.95,100
A000374,P0059,4,False,False,False,FR,female,0.95,100
A000375,P0059,5,False,True,True,FR,female,0.95,100
A000376,P0060,1,True,False,False,CA,male,0.95,100
A000377,P0060,2,False,False,False,CA,male,0.95,100
A000378,P0060,3,False,False,False,CA,unknown,,
A000379,P0060,4,False,False,False,CA,female,0.95,100
A000380,P0060,5,False,False,False,CN,female,0.75,100
A000381,P0060,6,False,True,True,CA,male,0.95,100
A000382,P0061,1,True,False,False,US,male,0.95,100
A000383,P0061,2,False,True,True,US,male,0.95,100
A000384,P0062,1,True,False,False,CN,male,0.95,100
A000385,P0062,2,False,False,False,CN,female,0.95,100
A000386,P0062,3,False,True,True,DE,female,0.95,100
A000387,P0063,1,True,False,False,GB,male,0.95,5
A000388,P0063,2,False,False,False,FR,female,0.95,100
A000389,P0063,3,False,False,False,GB,female,0.75,100
A000390,P0063,4,False,True,True,GB,male,0.95,100
A000391,P0064,1,True,False,False,DE,female,0.95,100
A000392,P0064,2,False,False,False,DE,male,0.95,100
A000393,P0064,3,False,False,False,DE,male,0.95,100
A000394,P0064,4,False,False,False,DE,unknown,,
A000395,P0064,5,False,True,True,CA,female,0.95,100
A000396,P0065,1,True,False,False,,female,0.75,100
A000397,P0065,2,False,False,False,FR,male,0.95,100
A000398,P0065,3,False,False,False,FR,female,0.95,100
A000399,P0065,4,False,False,False,US,female,0.95,100
A000400,P0065,5,False,False,False,,male,0.95,100
A000401,P0065,6,False,True,True,FR,male,0.95,100
A000402,P0066,1,True,False,False,CA,male,0.95,100
A000403,P0066,2,False,True,True,CA,unknown,,
A000404,P0067,1,True,False,False,US,male,0.95,100
A000405,P0067,2,False,False,False,GB,male,0.95,5
A000406,P0067,3,False,True,True,,female,0.95,100
A000407,P0068,1,True,False,False,CN,female,0.95,100
A000408,P0068,2,False,False,False,,female,0.95,100
A000409,P0068,3,False,False,False,CN,male,0.95,100
A000410,P0068,4,False,True,True,CN,male,0.95,100
A000411,P0069,1,True,False,False,GB,female,0.95,100
A000412,P0069,2,False,False,False,GB,female,0.75,100
A000413,P0069,3,False,False,False,GB,male,0.95,100
A000414,P0069,4,False,False,False,FR,female,0.95,100
A000415,P0069,5,False,True,True,GB,female,0.95,100
A000416,P0070,1,True,False,False,DE,male,0.95,100
A000417,P0070,2,False,False,False,DE,male,0.95,100
A000418,P0070,3,False,False,False,CA,unknown,,
A000419,P0070,4,False,False,False,DE,female,0.95,100
A000420,P0070,5,False,False,False,DE,female,0.75,100
A000421,P0070,6,False,True,True,DE,male,0.95,100
A000422,P0071,1,True,False,False,FR,male,0.95,100
A000423,P0071,2,False,True,True,US,female,0.95,100
A000424,P0072,1,True,False,False,CA,unknown,,
A000425,P0072,2,False,False,False,CA,female,0.95,100
A000426,P0072,3,False,True,True,CA,female,0.75,100
A000427,P0073,1,True,False,False,US,male,0.95,5
A000428,P0073,2,False,False,False,US,female,0.95,100
A000429,P0073,3,False,False,False,US,female,0.75,100
A000430,P0073,4,False,True,True,GB,male,0.95,100
A000431,P0074,1,True,False,False,CN,female,0.95,100
A000432,P0074,2,False,False,False,CN,male,0.95,100
A000433,P0074,3,False,False,False,DE,male,0.95,100
A000434,P0074,4,False,False,False,CN,unknown,,
A000435,P0074,5,False,True,True,CN,female,0.95,100
A000436,P0075,1,True,False,False,GB,female,0.75,100
A000437,P0075,2,False,False,False,FR,male,0.95,100
A000438,P0075,3,False,False,False,GB,female,0.95,100
A000439,P0075,4,False,False,False,GB,female,0.95,100
A000440,P0075,5,False,False,False,GB,male,0.95,100
A000441,P0075,6,False,True,True,FR,male,0.95,100
A000442,P0076,1,True,False,False,DE,male,0.95,100
A000443,P0076,2,False,True,True,DE,unknown,,
A000444,P0077,1,True,False,False,FR,female,0.95,100
A000445,P0077,2,False,False,False,FR,female,0.95,100
A000446,P0077,3,False,True,True,FR,male,0.95,100
A000447,P0078,1,True,False,False,CA,female,0.95,100
A000448,P0078,2,False,False,False,CA,female,0.75,100
A000449,P0078,3,False,False,False,CN,male,0.95,100
A000450,P0078,4,False,True,True,CA,female,0.95,100
A000451,P0079,1,True,False,False,US,female,0.95,100
A000452,P0079,2,False,False,False,GB,female,0.75,100
A000453,P0079,3,False,False,False,US,male,0.95,100
A000454,P0079,4,False,False,False,US,female,0.95,100
A000455,P0079,5,False,True,True,US,female,0.95,100
A000456,P0080,1,True,False,False,CN,male,0.95,100
A000457,P0080,2,False,False,False,CN,male,0.95,100
A000458,P0080,3,False,False,False,CN,unknown,,
A000459,P0080,4,False,False,False,CN,female,0.95,100
A000460,P0080,5,False,False,False,DE,female,0.75,100
A000461,P0080,6,False,True,True,CN,male,0.95,100
A000462,P0081,1,True,False,False,GB,male,0.95,100
A000463,P0081,2,False,True,True,GB,female,0.95,100
A000464,P0082,1,True,False,False,DE,unknown,,
A000465,P0082,2,False,False,False,DE,female,0.95,100
A000466,P0082,3,False,True,True,CA,female,0.75,100
A000467,P0083,1,True,False,False,FR,female,0.95,100
A000468,P0083,2,False,False,False,US,male,0.95,100
A000469,P0083,3,False,False,False,FR,male,0.95,100
A000470,P0083,4,False,True,True,FR,male,0.95,5
A000471,P0084,1,True,False,False,,female,0.75,100
A000472,P0084,2,False,False,False,CA,male,0.95,100
A000473,P0084,3,False,False,False,CA,female,0.95,100
A000474,P0084,4,False,False,False,CA,female,0.95,100
A000475,P0084,5,False,True,True,CN,male,0.95,100
A000476,P0085,1,True,False,False,US,female,0.75,100
A000477,P0085,2,False,False,False,US,male,0.95,100
A000478,P0085,3,False,False,False,US,female,0.95,100
A000479,P0085,4,False,False,False,GB,female,0.95,100
A000480,P0085,5,False,False,False,US,male,0.95,100
A000481,P0085,6,False,True,True,US,male,0.95,100
A000482,P0086,1,True,False,False,CN,male,0.95,100
A000483,P0086,2,False,True,True,CN,unknown,,
A000484,P0087,1,True,False,False,GB,female,0.95,100
A000485,P0087,2,False,False,False,FR,female,0.95,100
A000486,P0087,3,False,True,True,GB,male,0.95,100
A000487,P0088,1,True,False,False,DE,female,0.95,100
A000488,P0088,2,False,False,False,DE,female,0.75,100
A000489,P0088,3,False,False,False,DE,male,0.95,100
A000490,P0088,4,False,True,True,DE,female,0.95,100
A000491,P0089,1,True,False,False,FR,male,0.95,100
A000492,P0089,2,False,False,False,FR,male,0.95,100
A000493,P0089,3,False,False,False,FR,male,0.95,5
A000494,P0089,4,False,False,False,,female,0.95,100
A000495,P0089,5,False,True,True,FR,female,0.75,100
A000496,P0090,1,True,False,False,CA,male,0.95,100
A000497,P0090,2,False,False,False,CA,female,0.95,100
A000498,P0090,3,False,False,False,,female,0.95,100
A000499,P0090,4,False,False,False,CA,male,0.95,100
A000500,P0090,5,False,False,False,CA,male,0.95,100
A000501,P0090,6,False,True,True,CA,unknown,,
A000502,P0091,1,True,False,False,US,male,0.95,100
A000503,P0091,2,False,True,True,,female,0.95,100
A000504,P0092,1,True,False,False,CN,unknown,,
A000505,P0092,2,False,False,False,CN,female,0.95,100
A000506,P0092,3,False,True,True,CN,female,0.75,100
A000507,P0093,1,True,False,False,GB,female,0.95,100
A000508,P0093,2,False,False,False,GB,male,0.95,100
A000509,P0093,3,False,False,False,GB,male,0.95,100
A000510,P0093,4,False,True,True,FR,male,0.95,5
A000511,P0094,1,True,False,False,DE,female,0.75,100
A000512,P0094,2,False,False,False,DE,male,0.95,100
A000513,P0094,3,False,False,False,CA,female,0.95,100
A000514,P0094,4,False,False,False,DE,female,0.95,100
A000515,P0094,5,False,True,True,DE,male,0.95,100
A000516,P0095,1,True,False,False,FR,male,0.95,100
A000517,P0095,2,False,False,False,US,male,0.95,5
A000518,P0095,3,False,False,False,FR,female,0.95,100
A000519,P0095,4,False,False,False,FR,female,0.75,100
A000520,P0095,5,False,False,False,FR,male,0.95,100
A000521,P0095,6,False,True,True,US,female,0.95,100
A000522,P0096,1,True,False,False,CA,female,0.95,100
A000523,P0096,2,False,True,True,CA,female,0.95,100
