paper_code,subject_code,pub_date,publication_year,title,topic,openalex_found,openalex_authorships_returned,openalex_truncated_suspected,doi_url
P0001,SYN-BIO,2018-03-15,2018,Synthetic study P0001,Fictional demonstration,False,49,False,
P0002,SYN-MAT,2020-03-15,2020,Synthetic study P0002,Fictional demonstration,False,50,False,
P0003,SYN-COMP,2022-03-15,2022,Synthetic study P0003,Fictional demonstration,False,51,False,
P0004,SYN-BIO,2018-03-15,2018,Synthetic study P0004,Fictional demonstration,False,5,False,
P0005,SYN-MAT,2020-03-15,2020,Synthetic study P0005,Fictional demonstration,False,6,False,
P0006,SYN-COMP,2022-03-15,2022,Synthetic study P0006,Fictional demonstration,False,2,False,
P0007,SYN-MAT,2019-03-15,2019,Synthetic study P0007,Fictional demonstration,False,3,False,
P0008,SYN-COMP,2021-03-15,2021,Synthetic study P0008,Fictional demonstration,False,4,False,
P0009,SYN-BIO,2023-03-15,2023,Synthetic study P0009,Fictional demonstration,False,5,False,
P0010,SYN-MAT,2019-03-15,2019,Synthetic study P0010,Fictional demonstration,False,6,False,
P0011,SYN-COMP,2021-03-15,2021,Synthetic study P0011,Fictional demonstration,False,2,False,
P0012,SYN-BIO,2023-03-15,2023,Synthetic study P0012,Fictional demonstration,False,3,False,
P0013,SYN-COMP,2020-03-15,2020,Synthetic study P0013,Fictional demonstration,False,4,False,
P0014,SYN-BIO,2022-03-15,2022,Synthetic study P0014,Fictional demonstration,False,5,False,
P0015,SYN-MAT,2018-03-15,2018,Synthetic study P0015,Fictional demonstration,False,6,False,
P0016,SYN-COMP,2020-03-15,2020,Synthetic study P0016,Fictional demonstration,False,2,False,
P0017,SYN-BIO,2022-03-15,2022,Synthetic study P0017,Fictional demonstration,False,3,False,
P0018,SYN-MAT,2018-03-15,2018,Synthetic study P0018,Fictional demonstration,False,4,False,
P0019,SYN-BIO,2021-03-15,2021,Synthetic study P0019,Fictional demonstration,False,5,False,
P0020,SYN-MAT,2023-03-15,2023,Synthetic study P0020,Fictional demonstration,False,6,False,
P0021,SYN-COMP,2019-03-15,2019,Synthetic study P0021,Fictional demonstration,False,2,False,
P0022,SYN-BIO,2021-03-15,2021,Synthetic study P0022,Fictional demonstration,False,3,False,
P0023,SYN-MAT,2023-03-15,2023,Synthetic study P0023,Fictional demonstration,False,4,False,
P0024,SYN-COMP,2019-03-15,2019,Synthetic study P0024,Fictional demonstration,False,5,False,
P0025,SYN-MAT,2022-03-15,2022,Synthetic study P0025,Fictional demonstration,False,6,False,
P0026,SYN-COMP,2018-03-15,2018,Synthetic study P0026,Fictional demonstration,False,2,False,
P0027,SYN-BIO,2020-03-15,2020,Synthetic study P0027,Fictional demonstration,False,3,False,
P0028,SYN-MAT,2022-03-15,2022,Synthetic study P0028,Fictional demonstration,False,4,False,
P0029,SYN-COMP,2018-03-15,2018,Synthetic study P0029,Fictional demonstration,False,5,False,
P0030,SYN-BIO,2020-03-15,2020,Synthetic study P0030,Fictional demonstration,False,6,False,
P0031,SYN-COMP,2023-03-15,2023,Synthetic study P0031,Fictional demonstration,False,2,False,
P0032,SYN-BIO,2019-03-15,2019,Synthetic study P0032,Fictional demonstration,False,3,False,
P0033,SYN-MAT,2021-03-15,2021,Synthetic study P0033,Fictional demonstration,False,4,False,
P0034,SYN-COMP,2023-03-15,2023,Synthetic study P0034,Fictional demonstration,False,5,False,
P0035,SYN-BIO,2019-03-15,2019,Synthetic study P0035,Fictional demonstration,False,6,False,
P0036,SYN-MAT,2021-03-15,2021,Synthetic study P0036,Fictional demonstration,False,2,False,
P0037,SYN-BIO,2018-03-15,2018,Synthetic study P0037,Fictional demonstration,False,3,False,
P0038,SYN-MAT,2020-03-15,2020,Synthetic study P0038,Fictional demonstration,False,4,False,
P0039,SYN-COMP,2022-03-15,2022,Synthetic study P0039,Fictional demonstration,False,5,False,
P0040,SYN-BIO,2018-03-15,2018,Synthetic study P0040,Fictional demonstration,False,6,False,
P0041,SYN-MAT,2020-03-15,2020,Synthetic study P0041,Fictional demonstration,False,2,False,
P0042,SYN-COMP,2022-03-15,2022,Synthetic study P0042,Fictional demonstration,False,3,False,
P0043,SYN-MAT,2019-03-15,2019,Synthetic study P0043,Fictional demonstration,False,4,False,
P0044,SYN-COMP,2021-03-15,2021,Synthetic study P0044,Fictional demonstration,False,5,False,
P0045,SYN-BIO,2023-03-15,2023,Synthetic study P0045,Fictional demonstration,False,6,False,
P0046,SYN-MAT,2019-03-15,2019,Synthetic study P0046,Fictional demonstration,False,2,False,
P0047,SYN-COMP,2021-03-15,2021,Synthetic study P0047,Fictional demonstration,False,3,False,
P0048,SYN-BIO,2023-03-15,2023,Synthetic study P0048,Fictional demonstration,False,4,False,
P0049,SYN-COMP,2020-03-15,2020,Synthetic study P0049,Fictional demonstration,False,5,False,
P0050,SYN-BIO,2022-03-15,2022,Synthetic study P0050,Fictional demonstration,False,6,False,
P0051,SYN-MAT,2018-03-15,2018,Synthetic study P0051,Fictional demonstration,False,2,False,
P0052,SYN-COMP,2020-03-15,2020,Synthetic study P0052,Fictional demonstration,False,3,False,
P0053,SYN-BIO,2022-03-15,2022,Synthetic study P0053,Fictional demonstration,False,4,False,
P0054,SYN-MAT,2018-03-15,2018,Synthetic study P0054,Fictional demonstration,False,5,False,
P0055,SYN-BIO,2021-03-15,2021,Synthetic study P0055,Fictional demonstration,False,6,False,
P0056,SYN-MAT,2023-03-15,2023,Synthetic study P0056,Fictional demonstration,False,2,False,
P0057,SYN-COMP,2019-03-15,2019,Synthetic study P0057,Fictional demonstration,False,3,False,
P0058,SYN-BIO,2021-03-15,2021,Synthetic study P0058,Fictional demonstration,False,4,False,
P0059,SYN-MAT,2023-03-15,2023,Synthetic study P0059,Fictional demonstration,False,5,False,
P0060,SYN-COMP,2019-03-15,2019,Synthetic study P0060,Fictional demonstration,False,6,False,
P0061,SYN-MAT,2022-03-15,2022,Synthetic study P0061,Fictional demonstration,False,2,False,
P0062,SYN-COMP,2018-03-15,2018,Synthetic study P0062,Fictional demonstration,False,3,False,
P0063,SYN-BIO,2020-03-15,2020,Synthetic study P0063,Fictional demonstration,False,4,False,
P0064,SYN-MAT,2022-03-15,2022,Synthetic study P0064,Fictional demonstration,False,5,False,
P0065,SYN-COMP,2018-03-15,2018,Synthetic study P0065,Fictional demonstration,False,6,False,
P0066,SYN-BIO,2020-03-15,2020,Synthetic study P0066,Fictional demonstration,False,2,False,
P0067,SYN-COMP,2023-03-15,2023,Synthetic study P0067,Fictional demonstration,False,3,False,
P0068,SYN-BIO,2019-03-15,2019,Synthetic study P0068,Fictional demonstration,False,4,False,
P0069,SYN-MAT,2021-03-15,2021,Synthetic study P0069,Fictional demonstration,False,5,False,
P0070,SYN-COMP,2023-03-15,2023,Synthetic study P0070,Fictional demonstration,False,6,False,
P0071,SYN-BIO,2019-03-15,2019,Synthetic study P0071,Fictional demonstration,False,2,False,
P0072,SYN-MAT,2021-03-15,2021,Synthetic study P0072,Fictional demonstration,False,3,False,
P0073,SYN-BIO,2018-03-15,2018,Synthetic study P0073,Fictional demonstration,False,4,False,
P0074,SYN-MAT,2020-03-15,2020,Synthetic study P0074,Fictional demonstration,False,5,False,
P0075,SYN-COMP,2022-03-15,2022,Synthetic study P0075,Fictional demonstration,False,6,False,
P0076,SYN-BIO,2018-03-15,2018,Synthetic study P0076,Fictional demonstration,False,2,False,
P0077,SYN-MAT,2020-03-15,2020,Synthetic study P0077,Fictional demonstration,False,3,False,
P0078,SYN-COMP,2022-03-15,2022,Synthetic study P0078,Fictional demonstration,False,4,False,
P0079,SYN-MAT,2019-03-15,2019,Synthetic study P0079,Fictional demonstration,False,5,False,
P0080,SYN-COMP,2021-03-15,2021,Synthetic study P0080,Fictional demonstration,False,6,False,
P0081,SYN-BIO,2023-03-15,2023,Synthetic study P0081,Fictional demonstration,False,2,False,
P0082,SYN-MAT,2019-03-15,2019,Synthetic study P0082,Fictional demonstration,False,3,False,
P0083,SYN-COMP,2021-03-15,2021,Synthetic study P0083,Fictional demonstration,False,4,False,
P0084,SYN-BIO,2023-03-15,2023,Synthetic study P0084,Fictional demonstration,False,5,False,
P0085,SYN-COMP,2020-03-15,2020,Synthetic study P0085,Fictional demonstration,False,6,False,
P0086,SYN-BIO,2022-03-15,2022,Synthetic study P0086,Fictional demonstration,False,2,False,
P0087,SYN-MAT,2018-03-15,2018,Synthetic study P0087,Fictional demonstration,False,3,False,
P0088,SYN-COMP,2020-03-15,2020,Synthetic study P0088,Fictional demonstration,False,4,False,
P0089,SYN-BIO,2022-03-15,2022,Synthetic study P0089,Fictional demonstration,False,5,False,
P0090,SYN-MAT,2018-03-15,2018,Synthetic study P0090,Fictional demonstration,False,6,False,
P0091,SYN-BIO,2021-03-15,2021,Synthetic study P0091,Fictional demonstration,False,2,False,
P0092,SYN-MAT,2023-03-15,2023,Synthetic study P0092,Fictional demonstration,False,3,False,
P0093,SYN-COMP,2019-03-15,2019,Synthetic study P0093,Fictional demonstration,False,4,False,
P0094,SYN-BIO,2021-03-15,2021,Synthetic study P0094,Fictional demonstration,False,5,False,
P0095,SYN-MAT,2023-03-15,2023,Synthetic study P0095,Fictional demonstration,False,6,False,
P0096,SYN-COMP,2019-03-15,2019,Synthetic study P0096,Fictional demonstration,False,2,False,
