group,Methodology,Results,Experiments and Evaluation,Data and Datasets,Figures and Tables,"Writing, Language and Terminology",Theory and Models,Comparison and Context,Paper Assessment,Novelty and Impact,"Validity, Rigor and Quality",Limitations
US,0.3427654804823044,0.4858913372147194,-0.0330036482182952,-0.0973039184296767,0.077361704690694,-0.7578049161110406,-0.1507677245742689,0.0323911755980343,0.0077654491475016,-0.0792757205901675,0.0063569072897739,0.1656238735004183
CN,0.0364600254895042,-0.8614086450220826,0.5007171994061297,0.2487844095424921,-0.1911828101200025,0.3118659018133018,0.0702528809986995,0.0508316918263328,-0.0403213860855306,0.1652606913114702,-0.0232239372276083,-0.2680360219327089
DE,-0.23300537004588,-0.0442019403533056,-0.4218465367294449,-0.3397814648794378,0.0813422909574257,0.5944296112574715,0.1649745886055868,0.0839675833714678,0.0297791376512131,0.0916458025641525,-0.0475502636308602,0.0402465612316077
GB,0.0292117284122539,0.2591781207850252,-1.278013172316382,0.0103542249723892,0.4743649178905393,0.6798124002919514,0.0801348081361598,-0.2224584641965031,0.0482977426981347,-0.2236502110194958,0.0184971356795838,0.1242707686663409
JP,-1.8090197474187608,0.5598550527173091,0.5822647113175095,0.1071068296820965,-0.5122550697909636,0.2859053575690273,0.7488964979012448,0.0222049768578348,0.0033855345195597,0.1774483785599988,0.0436217297226027,-0.2094142516374611
FR,-1.7073821388888688,0.8072355371296025,-0.3994341508036472,-0.1979999918315947,0.5932164919923627,1.3436994807635632,0.1453670848949456,-0.2775784344800899,0.0377517945434319,-0.2712533897785217,-0.0360125021478936,-0.0376097813932888
KR,0.4923469777564249,-0.2321842655489903,1.9362490698222437,-0.2858575924344742,-0.9234115706955648,-1.6711603288267511,0.135127611075099,0.3890050705776998,-0.0325907027586423,0.0639729286463275,0.0866029906877362,0.0418998116988908
CA,0.629295264254992,0.3766381594429102,-0.0353275507777486,0.0145858407836776,0.194015364723657,-0.4022293796510895,-0.1821053974705042,-0.368426208485223,-0.0489439245370064,-0.1028096076998164,-0.0923791807525532,0.0176866201687067
CH,0.7640093249482061,-0.7290215054482685,0.0552015230221039,-0.2921395482130648,-0.3994278642290058,0.1858915274228628,0.0367878930775458,0.1236163135118248,0.0488509889028468,0.1656100889779327,-0.1699915745384927,0.2106128325655081
AU,0.9800098682564262,-0.1258780625554484,-1.1016929116207372,0.7193564977324638,-0.021869315387836,-0.128870487086366,-0.5723466262647171,-0.1582445848091321,0.0680465080809124,-0.0972639262993325,0.2372278699375885,0.2015251700161768
NL,0.7574756527589932,0.3286636497446094,-0.5084989033626031,-0.4353049702276068,0.1572700880233632,-0.4272894562383111,-0.4132502157724954,0.2617072351891333,0.0733074613599044,-0.0596593397208161,-0.0311101191581415,0.2966889174039678
ES,-0.5930319356476366,0.4192375210215565,-0.0162489410286834,-0.4266023643653763,0.0825497193456273,0.9597964666282128,-0.0381677650159693,-0.2495943268386723,-0.083935506595453,-0.1528866437064069,0.1572105478680915,-0.0583267716652916
SE,-1.040160426413983,0.6787776679897661,-0.7489638039991544,0.6754574079878728,0.5313343888344424,0.5802823379719213,-0.6335410881868931,-0.1121344947740639,-0.0189371916315713,-0.2297796614026577,0.1732469155689725,0.1444179480553517
