aspect_set,dependent_var,predictor_type,term,label,estimate,conf_low,conf_high,p_value,p_adj_bh,n_papers,r_squared,adj_r_squared,model
12-class,mean_pairwise_jsd,first_author_country,"C(first_author_country_group_n500_strict, Treatment(reference='US'))[T.AU]",AU,-0.0026617892952514,-0.0100837126238467,0.0047601340333439,0.4821062104828955,0.6585944032456522,23896,0.2020162907634703,,country_gender_combined
12-class,mean_pairwise_jsd,first_author_country,"C(first_author_country_group_n500_strict, Treatment(reference='US'))[T.CA]",CA,-0.0009191938520403,-0.0082043902629252,0.0063660025588446,0.8046805443347089,0.8429986654935046,23896,0.2020162907634703,,country_gender_combined
12-class,mean_pairwise_jsd,first_author_country,"C(first_author_country_group_n500_strict, Treatment(reference='US'))[T.CH]",CH,-0.0034125259067425,-0.0099530519275557,0.0031280001140706,0.3064907927488565,0.6585944032456522,23896,0.2020162907634703,,country_gender_combined
12-class,mean_pairwise_jsd,first_author_country,"C(first_author_country_group_n500_strict, Treatment(reference='US'))[T.CN]",CN,-0.0001717508029705,-0.0038610165269875,0.0035175149210463,0.9272982773646702,0.9272982773646702,23896,0.2020162907634703,,country_gender_combined
12-class,mean_pairwise_jsd,first_author_country,"C(first_author_country_group_n500_strict, Treatment(reference='US'))[T.DE]",DE,-0.0020048365245728,-0.0061230818999537,0.0021134088508079,0.3400097404191078,0.6585944032456522,23896,0.2020162907634703,,country_gender_combined
12-class,mean_pairwise_jsd,first_author_country,"C(first_author_country_group_n500_strict, Treatment(reference='US'))[T.ES]",ES,0.0031804189128343,-0.0043418539977394,0.0107026918234081,0.407289312519382,0.6585944032456522,23896,0.2020162907634703,,country_gender_combined
12-class,mean_pairwise_jsd,first_author_country,"C(first_author_country_group_n500_strict, Treatment(reference='US'))[T.FR]",FR,0.0038495643891708,-0.0016071493216539,0.0093062780999955,0.1667563372560417,0.4585799274541148,23896,0.2020162907634703,,country_gender_combined
12-class,mean_pairwise_jsd,first_author_country,"C(first_author_country_group_n500_strict, Treatment(reference='US'))[T.GB]",GB,-0.0036788536752872,-0.0080804221714971,0.0007227148209227,0.1013908202583481,0.3717663409472764,23896,0.2020162907634703,,country_gender_combined
12-class,mean_pairwise_jsd,first_author_country,"C(first_author_country_group_n500_strict, Treatment(reference='US'))[T.JP]",JP,0.001662695108962,-0.0039133354296452,0.0072387256475692,0.5589282730826188,0.6585944032456522,23896,0.2020162907634703,,country_gender_combined
12-class,mean_pairwise_jsd,first_author_country,"C(first_author_country_group_n500_strict, Treatment(reference='US'))[T.KR]",KR,-0.0015967236391278,-0.0095215765625502,0.0063281292842945,0.6929170246511438,0.7622087271162582,23896,0.2020162907634703,,country_gender_combined
12-class,mean_pairwise_jsd,first_author_country,"C(first_author_country_group_n500_strict, Treatment(reference='US'))[T.NL]",NL,-0.0021541935329292,-0.0095635367369505,0.0052551496710919,0.568786075530336,0.6585944032456522,23896,0.2020162907634703,,country_gender_combined
12-class,mean_pairwise_jsd,first_author_country,"C(first_author_country_group_n500_strict, Treatment(reference='US'))[T.Other]",Other,0.0027091970401675,-0.0010096351870969,0.006428029267432,0.1533354998895841,0.4585799274541148,23896,0.2020162907634703,,country_gender_combined
12-class,mean_pairwise_jsd,first_author_country,"C(first_author_country_group_n500_strict, Treatment(reference='US'))[T.SE]",SE,-0.0029883402647974,-0.0116230863807059,0.005646405851111,0.497574817812309,0.6585944032456522,23896,0.2020162907634703,,country_gender_combined
