aspect_class,aspect_label,n_papers,mean_mapd,median_mapd,sd_mapd,q25_mapd,q75_mapd
"Validity, Rigor and Quality",Validity & rigor,95,0.1429824561403508,0.1666666666666666,0.1131584734541367,0.0,0.1666666666666666
Paper Assessment,Paper assessment,95,0.1403508771929824,0.1666666666666666,0.1115805995027476,0.0,0.1666666666666666
Data and Datasets,Data & datasets,95,0.1359649122807017,0.1666666666666666,0.0893672195930237,0.0833333333333333,0.1666666666666666
Comparison and Context,Comparison & context,95,0.131578947368421,0.1666666666666666,0.104973082337467,0.0,0.1666666666666666
Methodology,Methodology,95,0.1280701754385964,0.1666666666666666,0.1037210513287422,0.0,0.1666666666666666
"Writing, Language and Terminology",Writing & language,95,0.1245614035087719,0.1666666666666666,0.1023322043872152,0.0,0.1666666666666666
Novelty and Impact,Novelty & impact,95,0.1236842105263157,0.1666666666666666,0.1072595156983807,0.0,0.1666666666666666
Figures and Tables,Figures & tables,95,0.1201754385964912,0.1666666666666666,0.1131928294902242,0.0,0.1666666666666666
Experiments and Evaluation,Experiments & evaluation,95,0.1184210526315789,0.1666666666666666,0.1035559739522397,0.0,0.1666666666666666
Limitations,Limitations,95,0.1175438596491227,0.1666666666666666,0.1020582628370355,0.0,0.1666666666666666
Results,Results,95,0.1166666666666666,0.1666666666666666,0.106246957959511,0.0,0.1666666666666666
Theory and Models,Theory & models,95,0.1140350877192982,0.1666666666666666,0.1010089698716174,0.0,0.1666666666666666
