bin_left,bin_right,count
0.5887050112577373,0.5948012512552363,3
0.5948012512552363,0.6008974912527354,0
0.6008974912527354,0.6069937312502344,0
0.6069937312502344,0.6130899712477333,0
0.6130899712477333,0.6191862112452324,2
0.6191862112452324,0.6252824512427314,1
0.6252824512427314,0.6313786912402304,0
0.6313786912402304,0.6374749312377294,6
0.6374749312377294,0.6435711712352284,3
0.6435711712352284,0.6496674112327274,0
0.6496674112327274,0.6557636512302264,3
0.6557636512302264,0.6618598912277254,2
0.6618598912277254,0.6679561312252245,0
0.6679561312252245,0.6740523712227234,1
0.6740523712227234,0.6801486112202224,7
0.6801486112202224,0.6862448512177215,0
0.6862448512177215,0.6923410912152205,0
0.6923410912152205,0.6984373312127194,5
0.6984373312127194,0.7045335712102185,6
0.7045335712102185,0.7106298112077175,3
0.7106298112077175,0.7167260512052165,11
0.7167260512052165,0.7228222912027156,8
0.7228222912027156,0.7289185312002145,1
0.7289185312002145,0.7350147711977135,2
0.7350147711977135,0.7411110111952126,0
0.7411110111952126,0.7472072511927116,12
0.7472072511927116,0.7533034911902106,1
0.7533034911902106,0.7593997311877095,9
0.7593997311877095,0.7654959711852085,0
0.7654959711852085,0.7715922111827076,0
0.7715922111827076,0.7776884511802066,0
0.7776884511802066,0.7837846911777056,3
0.7837846911777056,0.7898809311752046,0
0.7898809311752046,0.7959771711727036,4
0.7959771711727036,0.8020734111702026,0
0.8020734111702026,0.8081696511677017,0
0.8081696511677017,0.8142658911652007,0
0.8142658911652007,0.8203621311626996,0
0.8203621311626996,0.8264583711601987,0
0.8264583711601987,0.8325546111576977,2
