aspect_class,aspect_label,count,share,n_reviews_cover,review_cover_ratio,n_papers_cover,paper_cover_ratio,n_reviews,n_papers
Methodology,Methodology,772624.0,0.2719947729058531,91066,0.9297382284477478,34682,0.9904897900899614,97948,35015
Results,Results,522602.0,0.1839769568511264,87633,0.894689018662964,34604,0.9882621733542768,97948,35015
"Writing, Language and Terminology",Writing & language,387831.0,0.1365321356453461,76710,0.7831706619839098,34115,0.9742967299728688,97948,35015
Figures and Tables,Figures & tables,227226.0,0.0799927057253015,52196,0.5328950055131294,29558,0.8441525060688276,97948,35015
Experiments and Evaluation,Experiments & evaluation,224925.0,0.079182661030267,59145,0.6038408134928738,30244,0.8637441096672854,97948,35015
Data and Datasets,Data & datasets,192023.0,0.0675998315839278,49550,0.5058806713766488,28502,0.8139940025703271,97948,35015
Comparison and Context,Comparison & context,156509.0,0.0550974729140205,57754,0.5896394004982235,31132,0.8891046694273883,97948,35015
Novelty and Impact,Novelty & impact,130844.0,0.0460623590078659,64969,0.6633009351901009,32413,0.9256889904326716,97948,35015
Theory and Models,Theory & models,113452.0,0.0399396743768182,33594,0.3429779066443419,22133,0.632100528344995,97948,35015
"Validity, Rigor and Quality",Validity & rigor,52836.0,0.0186004004810278,20028,0.2044758443255605,16143,0.4610309867199771,97948,35015
Limitations,Limitations,47380.0,0.0166796686878472,24346,0.2485604606525911,18156,0.518520634013994,97948,35015
Paper Assessment,Paper assessment,12332.0,0.0043413607905979,8265,0.08438150855556,7463,0.2131372269027559,97948,35015
